accuracy,balanced_accuracy,precision,recall,f1,roc_auc,pr_auc,fold,model,train_time_sec,infer_time_sec
0.8435374149659864,0.7052845528455285,0.5217391304347826,0.5,0.5106382978723404,0.8100440379403794,0.5349401409485479,1,Optuna CatBoost (Threshold=0.33),25.400167699997837,0.011426299999584444
0.8163265306122449,0.7057926829268293,0.4482758620689655,0.5416666666666666,0.49056603773584906,0.8115684281842818,0.5678219404995009,2,Optuna CatBoost (Threshold=0.33),23.45889790000001,0.0046339000000443775
0.8503401360544217,0.6955810147299509,0.5365853658536586,0.46808510638297873,0.5,0.8353001981221466,0.6456709316199783,3,Optuna CatBoost (Threshold=0.33),24.283013299998856,0.004471600001124898
0.8639455782312925,0.7295201998449479,0.5813953488372093,0.5319148936170213,0.5555555555555556,0.815660263588595,0.6110594502320069,4,Optuna CatBoost (Threshold=0.33),24.503546599997208,0.003811000002315268
0.8163265306122449,0.6839521061245585,0.4339622641509434,0.48936170212765956,0.46,0.7628564045137393,0.5171214633411547,5,Optuna CatBoost (Threshold=0.33),24.19674020000093,0.0038865999995323364
0.8469387755102041,0.6150914634146342,0.5652173913043478,0.2708333333333333,0.36619718309859156,0.8100440379403794,0.5349401409485479,1,Optuna CatBoost (Threshold=0.50),24.807838799999445,0.004567700001643971
0.8605442176870748,0.6735264227642276,0.6129032258064516,0.3958333333333333,0.4810126582278481,0.8115684281842818,0.5678219404995009,2,Optuna CatBoost (Threshold=0.50),23.576202999996895,0.007640100000571692
0.8877551020408163,0.6747781893358601,0.85,0.3617021276595745,0.5074626865671642,0.8353001981221466,0.6456709316199783,3,Optuna CatBoost (Threshold=0.50),24.009437799999432,0.0036854999998467974
0.8707482993197279,0.6560427254716168,0.6956521739130435,0.3404255319148936,0.45714285714285713,0.815660263588595,0.6110594502320069,4,Optuna CatBoost (Threshold=0.50),24.839034199998423,0.00438189999840688
0.8503401360544217,0.6697389956068568,0.5428571428571428,0.40425531914893614,0.4634146341463415,0.7628564045137393,0.5171214633411547,5,Optuna CatBoost (Threshold=0.50),23.916117799999483,0.006893599998875288
0.8503401360544217,0.5668191056910569,0.7,0.14583333333333334,0.2413793103448276,0.8190210027100272,0.5241789493532513,1,Default CatBoost,24.736210500002926,0.004078300000401214
0.8707482993197279,0.6377032520325203,0.7777777777777778,0.2916666666666667,0.42424242424242425,0.8102134146341463,0.592992054636079,2,Default CatBoost,24.273171400000138,0.0046861000009812415
0.8741496598639455,0.6063829787234043,1.0,0.2127659574468085,0.3508771929824561,0.8579550348867258,0.6813511752152902,3,Default CatBoost,25.708878800000093,0.0036385999992489815
0.8707482993197279,0.6043586872254285,0.9090909090909091,0.2127659574468085,0.3448275862068966,0.8362477388233268,0.6261841832845721,4,Default CatBoost,24.306329999999434,0.0056321000010939315
0.8673469387755102,0.6367904212249117,0.7,0.2978723404255319,0.417910447761194,0.7853389611508311,0.562446906233487,5,Default CatBoost,25.508503699998982,0.0039157999999588355
0.8571428571428571,0.6128048780487805,0.6666666666666666,0.25,0.36363636363636365,0.7842140921409214,0.45157695339103393,1,XGBoost,1.0821454000033555,0.01403089999803342
0.8639455782312925,0.6755589430894309,0.6333333333333333,0.3958333333333333,0.48717948717948717,0.849339430894309,0.6004946161737031,2,XGBoost,1.0121252999997523,0.010244900000543566
0.8741496598639455,0.6494530105952279,0.75,0.3191489361702128,0.44776119402985076,0.8116978206563873,0.5696456526274499,3,XGBoost,0.9975749000004726,0.011293399998976383
0.8673469387755102,0.6367904212249117,0.7,0.2978723404255319,0.417910447761194,0.8235851494530106,0.5557406272766117,4,XGBoost,1.1213964999988093,0.013855099998181686
0.8605442176870748,0.6327418382289602,0.6363636363636364,0.2978723404255319,0.4057971014492754,0.7535532776294254,0.5152454004109098,5,XGBoost,1.1720972999974038,0.01505630000247038
0.8469387755102041,0.6067073170731707,0.5714285714285714,0.25,0.34782608695652173,0.7822662601626016,0.4403221034160719,1,LightGBM,3.5504187000005913,0.011774400001741014
0.8605442176870748,0.6483739837398373,0.64,0.3333333333333333,0.4383561643835616,0.8462906504065041,0.6038353492170064,2,LightGBM,0.2343125000006694,0.010236099999019643
0.8741496598639455,0.6408390042208632,0.7777777777777778,0.2978723404255319,0.4307692307692308,0.8131622017400294,0.5828097469499414,3,LightGBM,0.19847170000139158,0.013008599999011494
0.8741496598639455,0.6494530105952279,0.75,0.3191489361702128,0.44776119402985076,0.8150572831423896,0.5540041889233056,4,LightGBM,0.271977300002618,0.012368600000627339
0.8605442176870748,0.641355844603325,0.625,0.3191489361702128,0.4225352112676056,0.7334826427771556,0.4882723432059417,5,LightGBM,0.22161839999898802,0.009197499999572756
0.8571428571428571,0.5792682926829268,0.8,0.16666666666666666,0.27586206896551724,0.8006436314363145,0.46191258630295023,1,Random Forest,1.6212747000026866,0.0382283999970241
0.8605442176870748,0.5729166666666666,1.0,0.14583333333333334,0.2545454545454545,0.771680216802168,0.48777466612062087,2,Random Forest,1.5579271999995399,0.036380499997903826
0.8775510204081632,0.6170212765957447,1.0,0.23404255319148937,0.3793103448275862,0.84718752691877,0.6323136096703409,3,Random Forest,1.6837248000010732,0.04557349999959115
0.8537414965986394,0.5425531914893617,1.0,0.0851063829787234,0.1568627450980392,0.844000344560255,0.6608593470216658,4,Random Forest,1.8034040000020468,0.03694999999788706
0.8503401360544217,0.5577569127401154,0.6666666666666666,0.1276595744680851,0.21428571428571427,0.7801705573262123,0.47841177835458354,5,Random Forest,1.5586468000001332,0.035066899999947054
0.8673469387755102,0.6272865853658537,0.7647058823529411,0.2708333333333333,0.4,0.803607723577236,0.5721028410104441,1,Logistic Regression (ElasticNet),0.25320799999826704,0.01028040000164765
0.8775510204081632,0.6417682926829268,0.875,0.2916666666666667,0.4375,0.8311314363143633,0.6196235822014218,2,Logistic Regression (ElasticNet),0.2503437000013946,0.007257299999764655
0.8843537414965986,0.6469118787147903,0.9333333333333333,0.2978723404255319,0.45161290322580644,0.846929106727539,0.6666683878381445,3,Logistic Regression (ElasticNet),0.2342133999991347,0.007223500000691274
0.8707482993197279,0.6302007063485227,0.7647058823529411,0.2765957446808511,0.40625,0.8561460935481093,0.6312282695455846,4,Logistic Regression (ElasticNet),0.21162360000016633,0.004254900002706563
0.8775510204081632,0.6514773020932035,0.7894736842105263,0.3191489361702128,0.45454545454545453,0.795675768800069,0.59180331147118,5,Logistic Regression (ElasticNet),0.23217660000227625,0.004149899999902118
